experiment,model,status,checkpoint,model_adapter,dtype,quantization,input_protocol,prompt_mode_or_template,decoding,max_new_tokens,output_directory,manifest,evaluator,evaluator_version_or_commit,sample_set_hash,gt_hash,completion_policy
experiment1,Qwen3-VL-30B-A3B,final,/workspace/usr3/Qwen3-VL-30B-A3B-Instruct,Qwen3-VL video adapter,bfloat16,none,video; 16 frames,mention_first/full,greedy; do_sample=false,1536,data/match_eval_qwen3vl30b_mention_first_v3,scene-specific GT workbooks and anchor tables,scripts/eval/evaluate_local_3d_object_match.py,git:ad190b747f73a8c613148cd6813a3a98e43c8818;sha256:d0da7ca2f7437f94,7ddcc1a72dc8607ac816bbdd23895183b02269289204213518e46e1464415026,01c4ebf80430c54b9a775046146da2d4f84267c91cb4482e1d621da0cfbc0d37,existing valid predictions preserved; only absent/invalid IDs inferred with the original run configuration
experiment1,Qwen3-VL-8B,final,Qwen3-VL-8B-Instruct,Qwen3-VL video adapter,bfloat16,none,video; 8 frames,mention_first/full,greedy; do_sample=false,1536,qwen8/outputs/exam1_qwen3vl8b_baseline/eval,scene-specific GT workbooks and anchor tables,scripts/eval/evaluate_local_3d_object_match.py,git:ad190b747f73a8c613148cd6813a3a98e43c8818;sha256:d0da7ca2f7437f94,7ddcc1a72dc8607ac816bbdd23895183b02269289204213518e46e1464415026,01c4ebf80430c54b9a775046146da2d4f84267c91cb4482e1d621da0cfbc0d37,existing valid predictions preserved; only absent/invalid IDs inferred with the original run configuration
experiment1,InternVL3-38B,final,/workspace/usr3/InternVL3-38B-Instruct,InternVL video adapter,bfloat16,none,video; 16 frames,mention_first/full,greedy; do_sample=false,1536,internvl/outputs/exam1_internvl3_38b_baseline/eval,scene-specific GT workbooks and anchor tables,scripts/eval/evaluate_local_3d_object_match.py,git:ad190b747f73a8c613148cd6813a3a98e43c8818;sha256:d0da7ca2f7437f94,7ddcc1a72dc8607ac816bbdd23895183b02269289204213518e46e1464415026,01c4ebf80430c54b9a775046146da2d4f84267c91cb4482e1d621da0cfbc0d37,existing valid predictions preserved; only absent/invalid IDs inferred with the original run configuration
experiment2,Qwen3-VL-30B-A3B,final,/workspace/usr3/Qwen3-VL-30B-A3B-Instruct,Qwen3-VL multi-image adapter,auto,none,3 panels; paired crop; paired_canvas_map,expected_count,greedy; do_sample=false,768,exam2/outputs_qwen3vl30b_2d_point_hybrid_v10,exam2/outputs_qwen3vl30b_2d_point_hybrid_v10/manifest/manifest_all.csv,exam2/evaluate_2d_point_grounding.py,git:ad190b747f73a8c613148cd6813a3a98e43c8818;sha256:eedfb65591a89cd7,7ddcc1a72dc8607ac816bbdd23895183b02269289204213518e46e1464415026,779e15c2332284512f80973b7b60a259df3a1e200a58b5350485b2af19a80c58,existing valid predictions preserved; only absent/invalid IDs inferred with the original run configuration
experiment2,Qwen3-VL-8B,final,Qwen3-VL-8B-Instruct,Qwen3-VL multi-image adapter,bfloat16,none,3 panels; paired crop; paired_canvas_map,expected_count,greedy; do_sample=false,768,qwen8/outputs/exam2_qwen3vl8b_baseline_2d_point_hybrid_v10,qwen8/outputs/exam2_qwen3vl8b_baseline_2d_point_hybrid_v10/manifest/manifest_all.csv,exam2/evaluate_2d_point_grounding.py,git:ad190b747f73a8c613148cd6813a3a98e43c8818;sha256:eedfb65591a89cd7,7ddcc1a72dc8607ac816bbdd23895183b02269289204213518e46e1464415026,779e15c2332284512f80973b7b60a259df3a1e200a58b5350485b2af19a80c58,existing valid predictions preserved; only absent/invalid IDs inferred with the original run configuration
experiment2,InternVL3-38B,final,/workspace/usr3/InternVL3-38B-Instruct,InternVL multi-image adapter,bfloat16,none,3 panels; paired crop; paired_canvas_map,expected_count,greedy; do_sample=false,768,internvl/outputs/exam2_internvl3_38b_baseline,internvl/outputs/exam2_internvl3_38b_baseline/manifest/manifest_all.csv,exam2/evaluate_2d_point_grounding.py,git:ad190b747f73a8c613148cd6813a3a98e43c8818;sha256:eedfb65591a89cd7,7ddcc1a72dc8607ac816bbdd23895183b02269289204213518e46e1464415026,779e15c2332284512f80973b7b60a259df3a1e200a58b5350485b2af19a80c58,existing valid predictions preserved; only absent/invalid IDs inferred with the original run configuration
experiment3,Qwen3-VL-30B-A3B,final,/workspace/usr3/Qwen3-VL-30B-A3B-Instruct,Qwen3-VL multi-image adapter,auto,none,up to 3 target-free evidence frames,measured point hypotheses v9,greedy; do_sample=false,512,exam3_point_grounding/outputs_full_v9_20260709/qwen3vl30b,exam3_point_grounding/outputs_full_v9_20260709/gt_manifest_eval.csv,exam3_point_grounding/evaluate_point_grounding.py,git:ad190b747f73a8c613148cd6813a3a98e43c8818;sha256:c21d0cf34b6ee6ff,7ddcc1a72dc8607ac816bbdd23895183b02269289204213518e46e1464415026,ca178f4920944004c6ccf8ccf944189504fcb769ed809f6f30f6b47f85dfdca7,existing valid predictions preserved; only absent/invalid IDs inferred with the original run configuration
experiment3,Qwen3-VL-8B,final,Qwen3-VL-8B-Instruct,Qwen3-VL multi-image adapter,auto,none,up to 3 target-free evidence frames,measured point hypotheses v9,greedy; do_sample=false,512,qwen8/outputs/exam3_qwen3vl8b_point_grounding_merged_20260713/eval,exam3_point_grounding/outputs_full_v9_20260709/gt_manifest_eval.csv,exam3_point_grounding/evaluate_point_grounding.py,git:ad190b747f73a8c613148cd6813a3a98e43c8818;sha256:c21d0cf34b6ee6ff,7ddcc1a72dc8607ac816bbdd23895183b02269289204213518e46e1464415026,ca178f4920944004c6ccf8ccf944189504fcb769ed809f6f30f6b47f85dfdca7,existing valid predictions preserved; only absent/invalid IDs inferred with the original run configuration
experiment3,InternVL3-38B,final,/workspace/usr3/InternVL3-38B-Instruct,InternVL multi-image adapter,bfloat16,bitsandbytes 8-bit,up to 2 target-free evidence frames,measured point hypotheses v9,greedy; do_sample=false,256,internvl/outputs/exam3_internvl38b_point_grounding_merged_20260714/eval,exam3_point_grounding/outputs_full_v9_20260709/gt_manifest_eval.csv,exam3_point_grounding/evaluate_point_grounding.py,git:ad190b747f73a8c613148cd6813a3a98e43c8818;sha256:c21d0cf34b6ee6ff,7ddcc1a72dc8607ac816bbdd23895183b02269289204213518e46e1464415026,ca178f4920944004c6ccf8ccf944189504fcb769ed809f6f30f6b47f85dfdca7,existing valid predictions preserved; only absent/invalid IDs inferred with the original run configuration
